slug,label,svcomp_path,unwind,notes
float_nan_unwind2,nan_double_range_unwind2,c/float-benchs/nan_double_range.c,2,SV-COMP float benchmark used by ZKUNSAT large-proof evaluation family
qat_unwind6,intel_qat_unwind6,c/ldv-linux-4.2-rc1/linux-4.2-rc1.tar.xz-32_7a-drivers--crypto--qat--qat_common--intel_qat.ko-entry_point.cil.out.c,6,SV-COMP Linux QAT driver benchmark
cdc_subset_unwind8,cdc_subset_unwind8,c/ldv-linux-4.2-rc1/linux-4.2-rc1.tar.xz-32_7a-drivers--net--usb--cdc_subset.ko-entry_point.cil.out.c,8,SV-COMP Linux CDC subset driver benchmark
cdaudio_unwind10,cdaudio_unwind10,c/ntdrivers/cdaudio.i.cil-1.c,10,SV-COMP Windows NT cdaudio driver benchmark
qat_unwind21,intel_qat_unwind21,c/ldv-linux-4.2-rc1/linux-4.2-rc1.tar.xz-32_7a-drivers--crypto--qat--qat_common--intel_qat.ko-entry_point.cil.out.c,21,SV-COMP Linux QAT driver benchmark
floppy2_unwind23,floppy2_unwind23,c/ntdrivers/floppy2.i.cil.c,23,SV-COMP Windows NT floppy2 driver benchmark
floppy_unwind25,floppy_unwind25,c/ntdrivers/floppy.i.cil-1.c,25,SV-COMP Windows NT floppy driver benchmark
cdc_subset_unwind25,cdc_subset_unwind25,c/ldv-linux-4.2-rc1/linux-4.2-rc1.tar.xz-32_7a-drivers--net--usb--cdc_subset.ko-entry_point.cil.out.c,25,SV-COMP Linux CDC subset driver benchmark
float_rlim_unwind200,rlim_invariant_unwind200,c/float-benchs/rlim_invariant.c,200,SV-COMP float benchmark used by ZKUNSAT Table 2
float_sin_unwind12,sin_interpolated_smallrange_unwind12,c/float-benchs/sin_interpolated_smallrange.c,12,SV-COMP float benchmark present in the local ZKUNSAT artifact
